﻿<?xml version="1.0" encoding="utf-8" ?>
<Page>
  
  <Control name = "JobNotesTitle">
    <Path>//input[@name='first_name']</Path>
  </Control>

  <Control name = "last_name">
    <Path>//input[@name='last_name']</Path>
  </Control>

  <Control name = "department">
    <Path>//select[@name='department']</Path>
  </Control>
  
  <Control name = "user_name" pathType="JQuery">
    <Path>//input[@name='user_name']</Path>
  </Control>

  <Control name = "user_password">
    <Path>//input[@name='user_password']</Path>
  </Control>

  <Control name = "confirm_password">
    <Path>//input[@name='confirm_password']</Path>
  </Control>

  <Control name = "email">
    <Path>//input[@name='email']</Path>
  </Control>

  <Control name = "contact_no">
    <Path>//input[@name='contact_no']</Path>
  </Control>

  <Control name = "submit">
    <Path>//input[@name='submit']</Path>
  </Control>

</Page>